"condition","alpha","choice","mean","lower","upper"
"area",0,"Nash",0.581627126703386,0.432659227677139,0.718442457406852
"area",0,"IE",0.294096882460651,0.193827382427338,0.409227385893926
"area",0.01,"Nash",0.581907293622889,0.434107160216587,0.718284208896703
"area",0.01,"IE",0.293085018864469,0.19324184063269,0.408294991995699
"area",0.02,"Nash",0.582181059775202,0.434029634830366,0.717527724910799
"area",0.02,"IE",0.292075159939188,0.19300515397053,0.407400929424838
"area",0.03,"Nash",0.58245227211852,0.434619989558158,0.716433366296552
"area",0.03,"IE",0.291062715047688,0.192322355638258,0.407086990282328
"area",0.04,"Nash",0.582724985254999,0.435173665797027,0.715194732404077
"area",0.04,"IE",0.290042864864993,0.19126574489453,0.405535813057344
"area",0.05,"Nash",0.583003429662685,0.435498095977574,0.714947512622677
"area",0.05,"IE",0.289010595117058,0.191642624783333,0.40496989636496
"area",0.06,"Nash",0.583291967081788,0.436626757506357,0.71474214789885
"area",0.06,"IE",0.287960744550277,0.190723285043205,0.404423895681234
"area",0.07,"Nash",0.583595033233452,0.436386636974653,0.71464120298638
"area",0.07,"IE",0.286888067017639,0.189908923404406,0.402340045686628
"area",0.08,"Nash",0.583917067971373,0.436804546188598,0.714935033339689
"area",0.08,"IE",0.285787307658226,0.189447332989955,0.400569589606313
"area",0.09,"Nash",0.584262432822668,0.436809158724912,0.715795971785948
"area",0.09,"IE",0.28465329331572,0.188536384836362,0.398910527188966
"area",0.1,"Nash",0.584635315676614,0.436861976847624,0.716290787172917
"area",0.1,"IE",0.283481037574553,0.187681983272257,0.397193272345469
"area",0.11,"Nash",0.585038977154081,0.438087673698838,0.716840958165818
"area",0.11,"IE",0.282266654255917,0.186878088519573,0.39540513284194
"area",0.12,"Nash",0.585473792118368,0.439366017770749,0.716571394923863
"area",0.12,"IE",0.281009766593719,0.186699855855283,0.393468093316559
"area",0.13,"Nash",0.585939351683969,0.440566543493702,0.717037042339548
"area",0.13,"IE",0.279710948702255,0.185946084649443,0.391892592746834
"area",0.14,"Nash",0.58643524675455,0.440619350764216,0.717298543022083
"area",0.14,"IE",0.278370780037716,0.185029815450978,0.390636310935971
"area",0.15,"Nash",0.58696116279093,0.441445392105181,0.717158667298548
"area",0.15,"IE",0.276989740253919,0.184077312419198,0.387842048899271
"area",0.16,"Nash",0.587516940074138,0.442501433145332,0.717204582408149
"area",0.16,"IE",0.275568141933079,0.182579933367572,0.386660051211128
"area",0.17,"Nash",0.588102598955873,0.444167802027495,0.717618994968179
"area",0.17,"IE",0.274106101983717,0.181668457262324,0.384975431181968
"area",0.18,"Nash",0.588718329516394,0.444973432964342,0.718871505447474
"area",0.18,"IE",0.272603552603033,0.181094775572238,0.382210224532516
"area",0.19,"Nash",0.589364445020951,0.445937548420214,0.719403273339864
"area",0.19,"IE",0.271060292758477,0.179384860832047,0.380246322292867
"area",0.2,"Nash",0.590041298526762,0.446360041818922,0.720303059418455
"area",0.2,"IE",0.269476081215728,0.177921326420031,0.378805772355595
"area",0.21,"Nash",0.590749136534278,0.44740924024106,0.720930166507161
"area",0.21,"IE",0.267850900629545,0.176413373233611,0.377059530154317
"area",0.22,"Nash",0.591487921070673,0.4480153291191,0.721171524907308
"area",0.22,"IE",0.266185465007239,0.175719410198279,0.3736545225767
"area",0.23,"Nash",0.59225746505126,0.449241981743605,0.721687325484705
"area",0.23,"IE",0.264480782223452,0.174325676343271,0.37225916122562
"area",0.24,"Nash",0.593057571505222,0.450108719814372,0.722009696044576
"area",0.24,"IE",0.262737900238527,0.172871484341201,0.369280767153015
"area",0.25,"Nash",0.593888121666274,0.450802920139243,0.723609441801478
"area",0.25,"IE",0.260957807754249,0.171433635878359,0.366358711529967
"area",0.26,"Nash",0.594749134231496,0.451477055076246,0.72418847644778
"area",0.26,"IE",0.259141366425376,0.170023265570919,0.364123918461304
"area",0.27,"Nash",0.595640795278689,0.452475942074031,0.725057745627258
"area",0.27,"IE",0.257289275459986,0.168910568141639,0.361936538978004
"area",0.28,"Nash",0.596563458257466,0.453329330366823,0.726155838338293
"area",0.28,"IE",0.255402069555055,0.16752419217006,0.359957971971233
"area",0.29,"Nash",0.597517613422123,0.454408613214696,0.727372027389879
"area",0.29,"IE",0.253480151176634,0.166120027631304,0.357465180683973
"area",0.3,"Nash",0.598503826034933,0.4558257188852,0.728036045167125
"area",0.3,"IE",0.251523858229204,0.164586436043621,0.354195790328
"area",0.31,"Nash",0.599521042602697,0.457731255587623,0.729712417733706
"area",0.31,"IE",0.249535628959761,0.163100495985808,0.351105438934418
"area",0.32,"Nash",0.600561783798688,0.458684751829018,0.730973856948026
"area",0.32,"IE",0.247526200041732,0.161570114255447,0.348932933602581
"area",0.33,"Nash",0.601617121623931,0.459585381692622,0.731632888064364
"area",0.33,"IE",0.245508239283566,0.16039494355513,0.345819610361973
"area",0.34,"Nash",0.602678390697689,0.460403166769301,0.731421589820957
"area",0.34,"IE",0.24349415995393,0.158729037288139,0.343434455629601
"area",0.35,"Nash",0.603737258527844,0.461663497675561,0.732533510283418
"area",0.35,"IE",0.241496038456138,0.157037281539286,0.341378746526774
"area",0.36,"Nash",0.60478577003654,0.462735086643661,0.733263372699716
"area",0.36,"IE",0.239525559820231,0.155008926626754,0.339384713019197
"area",0.37,"Nash",0.605816365620067,0.463871654196391,0.734274602363097
"area",0.37,"IE",0.237593992116429,0.15337076975117,0.33760244972052
"area",0.38,"Nash",0.606821872101087,0.465816481775005,0.734670506446875
"area",0.38,"IE",0.235712190783427,0.152121895078429,0.335507286520969
"area",0.39,"Nash",0.607795466082131,0.466919488188055,0.735473562420567
"area",0.39,"IE",0.233890633659046,0.150367497768127,0.334001681413649
"area",0.4,"Nash",0.60873060938938,0.467891423646083,0.737131418373557
"area",0.4,"IE",0.232139487250626,0.148937032044318,0.331886042634439
"area",0.41,"Nash",0.60962094956807,0.468454575172533,0.738064598999192
"area",0.41,"IE",0.23046857764255,0.147717293439113,0.32976457988058
"area",0.42,"Nash",0.61046020472335,0.469196294308026,0.738722620846721
"area",0.42,"IE",0.228887105299867,0.146545648775107,0.327720064364986
"area",0.43,"Nash",0.611242177917014,0.470121320324056,0.739617145042154
"area",0.43,"IE",0.227404021331107,0.145630054385255,0.326299874666821
"area",0.44,"Nash",0.611960800791739,0.470771369890109,0.740443829719125
"area",0.44,"IE",0.226028111379102,0.145075262332372,0.324296538062575
"area",0.45,"Nash",0.612610151799717,0.471552752062104,0.740930218381367
"area",0.45,"IE",0.224767975359196,0.143972911869897,0.322730248883229
"area",0.46,"Nash",0.61318445163995,0.472270627073211,0.741646809247964
"area",0.46,"IE",0.22363203345575,0.142981984517725,0.321346121676119
"area",0.47,"Nash",0.613678035701639,0.472913962996242,0.742383904619541
"area",0.47,"IE",0.222628558637821,0.142283197989273,0.320318004182331
"area",0.48,"Nash",0.614085303424386,0.473710968432003,0.742457418425601
"area",0.48,"IE",0.22176573579072,0.141656290665747,0.318863581850311
"area",0.49,"Nash",0.614400644574633,0.474209574211553,0.74322071126979
"area",0.49,"IE",0.221051747430517,0.140905874848815,0.318214938485965
"area",0.5,"Nash",0.614618342489566,0.474604873464334,0.743614570788833
"area",0.5,"IE",0.220494885889302,0.140646942363643,0.317778005868137
"area",0.51,"Nash",0.614734962413709,0.475031358685967,0.743541909222958
"area",0.51,"IE",0.220100134283267,0.140562373919235,0.317388461615904
"area",0.52,"Nash",0.614756757961989,0.475313418799745,0.74293032866714
"area",0.52,"IE",0.219858624161713,0.140503621814029,0.317397761919375
"area",0.53,"Nash",0.614692171394006,0.475249228972458,0.742625408541774
"area",0.53,"IE",0.219758271643442,0.140710999364865,0.316492874959853
"area",0.54,"Nash",0.614549450993552,0.474235665876247,0.742515155538404
"area",0.54,"IE",0.219787191872053,0.140751996420223,0.316021197858635
"area",0.55,"Nash",0.614336761130435,0.473547140442638,0.742164724583098
"area",0.55,"IE",0.21993357460788,0.141214631874883,0.315547583355053
"area",0.56,"Nash",0.614062266806648,0.472668254430042,0.742266452421859
"area",0.56,"IE",0.220185588698353,0.141428202182143,0.315269633847332
"area",0.57,"Nash",0.613734192707326,0.472222755211026,0.742100327000731
"area",0.57,"IE",0.220531315510733,0.14213605658396,0.315871439833969
"area",0.58,"Nash",0.613360856822666,0.471570025389597,0.741592486977728
"area",0.58,"IE",0.220958711331491,0.142698131558504,0.315816101690129
"area",0.59,"Nash",0.61295067875943,0.471926672735451,0.740848771114624
"area",0.59,"IE",0.221455598647128,0.143349478166514,0.316926789795895
"area",0.6,"Nash",0.612512162909536,0.471951300071969,0.740587413945023
"area",0.6,"IE",0.222009686134522,0.14403402773192,0.31792618631132
"area",0.61,"Nash",0.612053527945561,0.47127840353034,0.739975617036706
"area",0.61,"IE",0.222608975937904,0.144815759643941,0.318761814357938
"area",0.62,"Nash",0.611581687426052,0.470838603171455,0.73926664586485
"area",0.62,"IE",0.223242881520047,0.145325155948898,0.318849953240169
"area",0.63,"Nash",0.611103291111358,0.470505984871286,0.739032423162402
"area",0.63,"IE",0.223901095638202,0.145781250823822,0.319766711588639
"area",0.64,"Nash",0.610625130848068,0.469437551567654,0.738443422783581
"area",0.64,"IE",0.224573148229328,0.146420282237614,0.32060738006899
"area",0.65,"Nash",0.610154192496342,0.468616515095501,0.737700769308911
"area",0.65,"IE",0.225248350614382,0.146826918784368,0.321270012786047
"area",0.66,"Nash",0.609697681234057,0.468866669952864,0.737409231196133
"area",0.66,"IE",0.225915769265797,0.147276289153011,0.322316238967358
"area",0.67,"Nash",0.609263020441778,0.468206428183753,0.736560853398496
"area",0.67,"IE",0.226564228905436,0.147799593349971,0.32248501304573
"area",0.68,"Nash",0.608857824421394,0.467803942548554,0.735769000095936
"area",0.68,"IE",0.227182344637063,0.14822991288929,0.323558692218706
"area",0.69,"Nash",0.60848984519623,0.468033545170024,0.734974171892806
"area",0.69,"IE",0.227758582817212,0.148755132744393,0.324613536337118
"area",0.7,"Nash",0.60816689355723,0.467991578981941,0.734899300582314
"area",0.7,"IE",0.228281350461422,0.149245381709597,0.325281308491236
"area",0.71,"Nash",0.607894882861585,0.467997123720814,0.734557078682624
"area",0.71,"IE",0.228741686122192,0.149704580350443,0.325332784791537
"area",0.72,"Nash",0.607672182872696,0.467612494106891,0.734406248660666
"area",0.72,"IE",0.229141081345218,0.150139743621671,0.325906402179215
"area",0.73,"Nash",0.607495217772685,0.467722352060525,0.734343220124794
"area",0.73,"IE",0.229483711962273,0.150435158232639,0.326163283410389
"area",0.74,"Nash",0.607360420695891,0.467550414699196,0.73383092987092
"area",0.74,"IE",0.229773748576987,0.150622866018488,0.325720687641714
"area",0.75,"Nash",0.60726431079709,0.467559221686482,0.734501976657007
"area",0.75,"IE",0.230015269020669,0.15088145391316,0.325717383001913
"area",0.76,"Nash",0.607203539373206,0.467267727889355,0.73476067714992
"area",0.76,"IE",0.230212205355082,0.150997246555804,0.326286395863594
"area",0.77,"Nash",0.607174905026758,0.467303609619683,0.734932787301496
"area",0.77,"IE",0.230368325460513,0.151115018038451,0.325979750377305
"area",0.78,"Nash",0.607175337774712,0.46766281445845,0.734975539904648
"area",0.78,"IE",0.230487249345666,0.151238975750951,0.32652404414509
"area",0.79,"Nash",0.607201851978452,0.467564112366046,0.734767399682485
"area",0.79,"IE",0.230572500331621,0.151297436410276,0.325838779604354
"area",0.8,"Nash",0.607251467962904,0.467545774915214,0.734493575806584
"area",0.8,"IE",0.230627591241205,0.151330684894847,0.325619755832651
"area",0.81,"Nash",0.607321323703142,0.46724293361587,0.734788716237991
"area",0.81,"IE",0.23065586249964,0.151340612046766,0.325332767325431
"area",0.82,"Nash",0.607409264286162,0.467199291049785,0.735482890740877
"area",0.82,"IE",0.230659717097217,0.151087472043044,0.325099795887281
"area",0.83,"Nash",0.607513265620952,0.467673077770845,0.735144531362933
"area",0.83,"IE",0.23064137519359,0.150804919688068,0.325050781743185
"area",0.84,"Nash",0.607631330809727,0.467990839071081,0.735575514942682
"area",0.84,"IE",0.230603027453085,0.150877436118601,0.324969284110858
"area",0.85,"Nash",0.60776157465412,0.468034157260282,0.735996456323667
"area",0.85,"IE",0.230546741921891,0.150985244542996,0.325627979221926
"area",0.86,"Nash",0.607902275096729,0.468266236677713,0.735647379643145
"area",0.86,"IE",0.230474407653402,0.150879902111667,0.325721793702537
"area",0.87,"Nash",0.608051891501793,0.467838311373259,0.735858001003133
"area",0.87,"IE",0.230387715154463,0.150731462025117,0.325614352285244
"area",0.88,"Nash",0.608209049683941,0.467712728530658,0.735583843557325
"area",0.88,"IE",0.230288173702917,0.15049584933191,0.325552000663092
"area",0.89,"Nash",0.608372493617041,0.467411384237017,0.735673664635504
"area",0.89,"IE",0.230177165552522,0.150491744356881,0.325514909170179
"area",0.9,"Nash",0.608541003768106,0.467213752749377,0.735426939553062
"area",0.9,"IE",0.230056037028229,0.150493798038547,0.325990327397495
"area",0.91,"Nash",0.608713408614298,0.466991576659554,0.734859344178859
"area",0.91,"IE",0.22992614781129,0.150434616782475,0.326009344774132
"area",0.92,"Nash",0.608888840390576,0.466863074304488,0.734924279536702
"area",0.92,"IE",0.229788770486426,0.150246994167674,0.326154882079066
"area",0.93,"Nash",0.609066348572652,0.466900622628301,0.735400415045948
"area",0.93,"IE",0.229645330973235,0.150062748617689,0.326342335400369
"area",0.94,"Nash",0.609244856091651,0.46691349960039,0.735883162957964
"area",0.94,"IE",0.229497395910251,0.149398019445237,0.326752119237319
"area",0.95,"Nash",0.609423239597061,0.46795702634712,0.73583409924096
"area",0.95,"IE",0.22934658467515,0.149647077402623,0.325994546802978
"area",0.96,"Nash",0.609600399281823,0.466732709198101,0.73622944980794
"area",0.96,"IE",0.229194492867701,0.1494126619096,0.325369767149302
"area",0.97,"Nash",0.60977531821461,0.466833522014469,0.737204524259203
"area",0.97,"IE",0.229042627288848,0.149310888693325,0.325075974493404
"area",0.98,"Nash",0.609947111081286,0.466580323708085,0.738064158073503
"area",0.98,"IE",0.228892352510538,0.149109413023579,0.325373951572253
"area",0.99,"Nash",0.610115062214318,0.466348260843343,0.738587246542867
"area",0.99,"IE",0.228744849167502,0.14838066984351,0.325484021747642
"area",1,"Nash",0.610278652790338,0.465047803648813,0.739261378896887
"area",1,"IE",0.228601084108466,0.148264901081811,0.325652219264206
"none",0,"Nash",0.479521130343174,0.339021018145065,0.622590380031942
"none",0,"IE",0.382532805130385,0.268107964053013,0.497587246859985
"none",0.01,"Nash",0.479855093920889,0.34022147426381,0.621796731421025
"none",0.01,"IE",0.38134994795204,0.26823800188267,0.495785266597924
"none",0.02,"Nash",0.480186244330769,0.340885929090786,0.621739358506349
"none",0.02,"IE",0.380164538561751,0.268332809926389,0.494240995760335
"none",0.03,"Nash",0.480518591026411,0.341557563601579,0.622229937298362
"none",0.03,"IE",0.378971423373427,0.266873524408892,0.493099417471874
"none",0.04,"Nash",0.480856243426485,0.342445655889637,0.621249380490437
"none",0.04,"IE",0.37776531826073,0.267146578196142,0.491426552914265
"none",0.05,"Nash",0.481203394205356,0.342742727514205,0.620123042880376
"none",0.05,"IE",0.376540826730692,0.265609057722225,0.490421487098737
"none",0.06,"Nash",0.481564295660464,0.342793151955858,0.620959038016183
"none",0.06,"IE",0.375292466361828,0.265232966810419,0.488656795315655
"none",0.07,"Nash",0.481943229200228,0.343825939601155,0.622143759750032
"none",0.07,"IE",0.374014703551106,0.263365760533043,0.487181828797033
"none",0.08,"Nash",0.482344467837537,0.344348303331343,0.621977330569885
"none",0.08,"IE",0.372701996820209,0.262500537520416,0.48622946902272
"none",0.09,"Nash",0.482772231345613,0.34487901631573,0.62259979023709
"none",0.09,"IE",0.371348849230161,0.262465622100942,0.485464573996529
"none",0.1,"Nash",0.483230633444705,0.345124397368431,0.623461433342827
"none",0.1,"IE",0.369949870833885,0.260952886906055,0.483892999143026
"none",0.11,"Nash",0.483722965062786,0.346228947503067,0.623876371181401
"none",0.11,"IE",0.368500743337165,0.259907806645061,0.482296568921495
"none",0.12,"Nash",0.484249716846527,0.345928992527346,0.624289939631299
"none",0.12,"IE",0.367000916899618,0.258465559769301,0.480355851714518
"none",0.13,"Nash",0.484810641011147,0.347312525833416,0.624879971204851
"none",0.13,"IE",0.36545083815515,0.256980767261738,0.479135774032561
"none",0.14,"Nash",0.485405484157554,0.347849538495483,0.624526767813007
"none",0.14,"IE",0.363850969268576,0.255958921784634,0.476832936684609
"none",0.15,"Nash",0.486034041785342,0.348098290943095,0.625432612975558
"none",0.15,"IE",0.362201722764728,0.254630936760008,0.475201213524511
"none",0.16,"Nash",0.486696195107468,0.349236583667376,0.625254158664743
"none",0.16,"IE",0.360503416968415,0.253365878124219,0.473102855050513
"none",0.17,"Nash",0.487391929169539,0.349557919496511,0.625461614988515
"none",0.17,"IE",0.35875625355522,0.252409058555052,0.471093254304051
"none",0.18,"Nash",0.488121331002145,0.350356185093906,0.625893671140159
"none",0.18,"IE",0.356960319113742,0.250821181308962,0.469077837417369
"none",0.19,"Nash",0.488884566332498,0.35170732051509,0.62664969207346
"none",0.19,"IE",0.355115612934121,0.249792308825898,0.465844932412954
"none",0.2,"Nash",0.489681833210068,0.353449344719923,0.62755949721831
"none",0.2,"IE",0.353222103515529,0.24866778540121,0.46322617835055
"none",0.21,"Nash",0.49051329757311,0.355308419273556,0.627905432356966
"none",0.21,"IE",0.351279894775065,0.247285552415129,0.460814717117759
"none",0.22,"Nash",0.49137904705577,0.356252465574999,0.628377318657589
"none",0.22,"IE",0.349289550949355,0.24540142619221,0.458667282260709
"none",0.23,"Nash",0.49227909524551,0.357224859629186,0.629277507205698
"none",0.23,"IE",0.347251844196179,0.243338706460695,0.456557569970387
"none",0.24,"Nash",0.493213438927925,0.358436301761913,0.630437762142807
"none",0.24,"IE",0.345167598537778,0.241087578390662,0.453742536853778
"none",0.25,"Nash",0.494182110495111,0.359950430334162,0.631998227826772
"none",0.25,"IE",0.343037623645346,0.23962835484416,0.450924814458456
"none",0.26,"Nash",0.495185215436541,0.360392679288239,0.632988803132424
"none",0.26,"IE",0.340862666283769,0.237213005676356,0.448155389065197
"none",0.27,"Nash",0.496222953829307,0.361304710376089,0.634445914877155
"none",0.27,"IE",0.33864338112159,0.235869964799759,0.445590458195632
"none",0.28,"Nash",0.497295624557646,0.362769410135137,0.635342130208508
"none",0.28,"IE",0.336380322889482,0.233856641206153,0.442328393960623
"none",0.29,"Nash",0.498403610803971,0.36370256158532,0.636074738353907
"none",0.29,"IE",0.334073962136536,0.232368941722666,0.439220787309966
"none",0.3,"Nash",0.499547345160401,0.364719895317632,0.637782357695257
"none",0.3,"IE",0.331724727096867,0.230058543395376,0.436563892117257
"none",0.31,"Nash",0.500725540143295,0.366339565309465,0.638878602639183
"none",0.31,"IE",0.329335462194977,0.228029569852618,0.433924665416642
"none",0.32,"Nash",0.501930064581358,0.367493061938622,0.639048044823348
"none",0.32,"IE",0.326918599595161,0.226531630955665,0.430860466973866
"none",0.33,"Nash",0.503151225847943,0.368346475464232,0.640047954461064
"none",0.33,"IE",0.324488858141486,0.224520124819857,0.428106621673266
"none",0.34,"Nash",0.504379561454071,0.368616306081539,0.641721285002705
"none",0.34,"IE",0.322060761372586,0.223370595111889,0.425246925737328
"none",0.35,"Nash",0.505605889149187,0.369686899029074,0.642661177888395
"none",0.35,"IE",0.319648570862539,0.221313885710025,0.422479867566904
"none",0.36,"Nash",0.506821340928578,0.371731873746899,0.643077994349578
"none",0.36,"IE",0.317266237292467,0.219264858171044,0.41901023638079
"none",0.37,"Nash",0.508017379259151,0.373108284955577,0.643298659255076
"none",0.37,"IE",0.314927371789285,0.217555516322051,0.416446259999247
"none",0.38,"Nash",0.509185793838848,0.374901474266798,0.645287238052191
"none",0.38,"IE",0.312645240090688,0.215916274928245,0.413402735661368
"none",0.39,"Nash",0.510318677349909,0.376774064178255,0.645829322215736
"none",0.39,"IE",0.310432781915851,0.213409174459184,0.410477629175787
"none",0.4,"Nash",0.511408378910135,0.377994887315013,0.647120077568672
"none",0.4,"IE",0.308302657589396,0.211570288418741,0.40757442421954
"none",0.41,"Nash",0.512447452623493,0.379486959138515,0.648046691560802
"none",0.41,"IE",0.306267153131256,0.209951912943754,0.405747366638122
"none",0.42,"Nash",0.513428633910329,0.380838019115706,0.649732915513131
"none",0.42,"IE",0.304337749685277,0.20834964112593,0.403720621511776
"none",0.43,"Nash",0.514344766323102,0.382356215616278,0.651017446558021
"none",0.43,"IE",0.302525638190827,0.2069449251611,0.401974752788723
"none",0.44,"Nash",0.515188805379211,0.384302864352981,0.652056290945857
"none",0.44,"IE",0.300841856029393,0.205707192917062,0.400271606965495
"none",0.45,"Nash",0.515953828966247,0.385426555057903,0.652183598703261
"none",0.45,"IE",0.299297270156415,0.204337556435777,0.397442104283065
"none",0.46,"Nash",0.516633030644357,0.386071783861018,0.65284001007386
"none",0.46,"IE",0.297902582032323,0.2033566498603,0.396159640821893
"none",0.47,"Nash",0.517219694938146,0.386124575865106,0.653362102230722
"none",0.47,"IE",0.296668355666814,0.202260432376591,0.393893415699648
"none",0.48,"Nash",0.517707153988133,0.385823126210394,0.653736275909262
"none",0.48,"IE",0.29560506967641,0.200549872944763,0.392789602390208
"none",0.49,"Nash",0.518088725235411,0.386581731021278,0.654224158630014
"none",0.49,"IE",0.294723193800804,0.199826242863478,0.391810923681211
"none",0.5,"Nash",0.518357630129511,0.386942605330904,0.654529268889902
"none",0.5,"IE",0.294033289847517,0.200032490893969,0.391077780880596
"none",0.51,"Nash",0.518509771273552,0.38698304000203,0.654397610826238
"none",0.51,"IE",0.293541771094298,0.20053603599864,0.390767857461598
"none",0.52,"Nash",0.518552259528584,0.387131437674102,0.654096630702596
"none",0.52,"IE",0.29323792550804,0.200728321249091,0.390686020838066
"none",0.53,"Nash",0.5184947913798,0.386707814172372,0.65468893076774
"none",0.53,"IE",0.293106985038512,0.200914540115012,0.390402454685114
"none",0.54,"Nash",0.518346874648054,0.386536389205275,0.654334288533223
"none",0.54,"IE",0.293134365273068,0.200875721598389,0.390693797755961
"none",0.55,"Nash",0.518117921375569,0.385734737534014,0.654173062600859
"none",0.55,"IE",0.293305554715395,0.201693813330276,0.391278146012967
"none",0.56,"Nash",0.517817320316577,0.385685819525723,0.652340737941243
"none",0.56,"IE",0.293606029456499,0.201512874698573,0.391754125842491
"none",0.57,"Nash",0.517454488868704,0.385839131310408,0.651158508149842
"none",0.57,"IE",0.294021193612239,0.201976707290447,0.392610416620173
"none",0.58,"Nash",0.517038904603443,0.385358464294093,0.650948387071478
"none",0.58,"IE",0.294536345400422,0.202476887374446,0.393178206910076
"none",0.59,"Nash",0.516580116809951,0.385065573590669,0.649779990224239
"none",0.59,"IE",0.295136668326897,0.202442670515522,0.393283825866901
"none",0.6,"Nash",0.516087738646448,0.385371011914015,0.648777487969823
"none",0.6,"IE",0.295807246658642,0.2035897813769,0.393518953075174
"none",0.61,"Nash",0.515571092706374,0.383917835327083,0.648096463899381
"none",0.61,"IE",0.296533494175924,0.204645591306627,0.394098910502877
"none",0.62,"Nash",0.515038207072266,0.38343387251035,0.647576874459954
"none",0.62,"IE",0.297302355648469,0.205482906805308,0.394342194060866
"none",0.63,"Nash",0.514496842830309,0.382591994478996,0.646707521724587
"none",0.63,"IE",0.298101088434203,0.206343750199588,0.394721133298928
"none",0.64,"Nash",0.513954880400009,0.382359804143115,0.645285598338605
"none",0.64,"IE",0.29891680414229,0.207181199202792,0.395114240972348
"none",0.65,"Nash",0.513420357819634,0.381291531985913,0.645021040951718
"none",0.65,"IE",0.299736424818757,0.208304953891386,0.396343248982812
"none",0.66,"Nash",0.512901488310288,0.380990392736254,0.644363773704224
"none",0.66,"IE",0.300546664501746,0.209384649373481,0.396828889191012
"none",0.67,"Nash",0.512406657834871,0.380251640780051,0.643688101541134
"none",0.67,"IE",0.301334035150638,0.21041533854143,0.398015786073186
"none",0.68,"Nash",0.511944403407739,0.380153458130004,0.643799204020661
"none",0.68,"IE",0.302084875895584,0.21173288412532,0.39907810268996
"none",0.69,"Nash",0.511523372833552,0.37974831790241,0.642780509350569
"none",0.69,"IE",0.302785404655873,0.212083304187258,0.399840473051388
"none",0.7,"Nash",0.511152266335768,0.379826495497526,0.642367345909679
"none",0.7,"IE",0.303421791468574,0.212508774051578,0.400825706417148
"none",0.71,"Nash",0.510837699759293,0.379826296702843,0.642134222579635
"none",0.71,"IE",0.303983323211492,0.213113163878441,0.401710916757078
"none",0.72,"Nash",0.510577951548701,0.379345730734845,0.641829264582697
"none",0.72,"IE",0.304471696692007,0.213070624798593,0.401641555727862
"none",0.73,"Nash",0.510369166171106,0.378809081875119,0.641573163808341
"none",0.73,"IE",0.304891771881473,0.212381266386192,0.402025096778177
"none",0.74,"Nash",0.510207487397527,0.379050306798959,0.641269359315952
"none",0.74,"IE",0.305248409237933,0.212604124698295,0.402932532784259
"none",0.75,"Nash",0.510089113706291,0.379818737646568,0.641592494052885
"none",0.75,"IE",0.305546399882419,0.212822139968382,0.403486223223153
"none",0.76,"Nash",0.51001033173758,0.379919323361442,0.642332884745242
"none",0.76,"IE",0.305790423061045,0.21336152339432,0.403195816948985
"none",0.77,"Nash",0.509967527979053,0.380165484628073,0.642184066359553
"none",0.77,"IE",0.30598503064813,0.2139545662644,0.403187853463864
"none",0.78,"Nash",0.509957178601844,0.380199757802806,0.641839797224627
"none",0.78,"IE",0.306134658798864,0.214241973654171,0.40330520270562
"none",0.79,"Nash",0.50997581721461,0.37993086271576,0.641474131792382
"none",0.79,"IE",0.306243667051159,0.214101532606632,0.404143492328277
"none",0.8,"Nash",0.510019980228698,0.380234084430483,0.641798996147945
"none",0.8,"IE",0.306316405249986,0.213982021703091,0.4037898460626
"none",0.81,"Nash",0.510086412412616,0.380595532792415,0.641356221286207
"none",0.81,"IE",0.306356950975816,0.214183541184136,0.403305283481689
"none",0.82,"Nash",0.510172861453542,0.380153707746702,0.641246355269082
"none",0.82,"IE",0.306368104687993,0.214227576234526,0.404379739044435
"none",0.83,"Nash",0.510277289688061,0.379800322168452,0.641825655119713
"none",0.83,"IE",0.30635239102785,0.214861258228182,0.403898968960897
"none",0.84,"Nash",0.51039767399026,0.380221705346467,0.641716936640846
"none",0.84,"IE",0.306312315186065,0.21465454216882,0.404040458439019
"none",0.85,"Nash",0.510532065711329,0.38041496216207,0.642026843877681
"none",0.85,"IE",0.306250289680924,0.214345276665799,0.403649634248464
"none",0.86,"Nash",0.510678627805719,0.380634000032497,0.642287508098314
"none",0.86,"IE",0.306168589542179,0.214320962632257,0.403546685176636
"none",0.87,"Nash",0.510835649005674,0.380834966099322,0.642529197458601
"none",0.87,"IE",0.306069336029794,0.213962698339351,0.403333558523133
"none",0.88,"Nash",0.511001534867704,0.380825365330158,0.643016922881283
"none",0.88,"IE",0.305954509049399,0.213576013341935,0.403318437237058
"none",0.89,"Nash",0.511174775503254,0.381238241772832,0.643314754071009
"none",0.89,"IE",0.305825988431646,0.213200034389486,0.403490046374473
"none",0.9,"Nash",0.511353889797083,0.381309696415718,0.643474767848353
"none",0.9,"IE",0.305685624254264,0.213407192088413,0.40366645136704
"none",0.91,"Nash",0.511537511090266,0.380078634147141,0.643572648549665
"none",0.91,"IE",0.305535191082586,0.213530821577461,0.40337692990457
"none",0.92,"Nash",0.511724794824686,0.380093548205125,0.643345045763508
"none",0.92,"IE",0.305376058935599,0.213710204946466,0.403246379682154
"none",0.93,"Nash",0.511914915005562,0.379525769470277,0.644084990989507
"none",0.93,"IE",0.305209634834338,0.213033602027028,0.40306677398929
"none",0.94,"Nash",0.512106955540857,0.379951807584165,0.645049452329228
"none",0.94,"IE",0.305037437945879,0.212872527960379,0.40252029736691
"none",0.95,"Nash",0.512299965658843,0.380038239997238,0.645412786409651
"none",0.95,"IE",0.304861031467893,0.213340550482021,0.402200059254924
"none",0.96,"Nash",0.51249300836228,0.379768846844061,0.645484537963452
"none",0.96,"IE",0.304681963091454,0.212932146150495,0.403218197478092
"none",0.97,"Nash",0.5126852018455,0.380770537533989,0.646432002734104
"none",0.97,"IE",0.304501714105453,0.212931058155475,0.403368580067477
"none",0.98,"Nash",0.5128757537582,0.380372007018132,0.646198244910769
"none",0.98,"IE",0.30432165727479,0.212285441165231,0.40434875157426
"none",0.99,"Nash",0.513063988174451,0.380080962759758,0.646597267546989
"none",0.99,"IE",0.304143023668248,0.211823966239954,0.404547309989918
"none",1,"Nash",0.513249365121699,0.380363403844048,0.646983814031883
"none",1,"IE",0.303966878624519,0.21058893963814,0.404904042805541
